COMMIT, DISCARDED, mobibot ethauvin c2e11743c68fb1a312af784c9145de950565db61

COMMIT, DISCARDED, bpf-developer-tutorial eunomia-bpf 0fd76b02b8ad43512df32e0b568f3ccccc7fd758

COMMIT, DISCARDED, wechat-bot darknightlab 48719d442d4215e4f1fea7d63828d153d2ad1571

COMMIT, DISCARDED, amesh-bot otiai10 14d3671b97113daf2de39143fc68174891d39ece

COMMIT, DISCARDED, chatgpt-helper kiranvshah 4557cb6a535a065d8f9192af324ce57cd8454249

COMMIT, DISCARDED, chatgpt-helper kiranvshah fa7ac08235f60a81f9472b536da1fa5f2e7ca804

COMMIT, DISCARDED, cf-proxy aliuq f9c7eca6ad3695437dd1d44619d531fd39a746cb

COMMIT, DISCARDED, cf-proxy aliuq c3ecb24aa1f458912a75cb0d635b202ebe9eaff8

COMMIT, DISCARDED, v2ray hiifeng e133d3e2110b93535a9d64a6be0b577f1d84349b

COMMIT, DISCARDED, v2ray hiifeng a5ea122e2bc9245deb28539c8dfa176ae3893f4d

COMMIT, DISCARDED, openai-helper-vscode-extension dogukanakkaya cc85f75fced96366d33c3c1a42f36cb41d4df853

COMMIT, DISCARDED, mobibot ethauvin db931f1f23a1dfd7c418b587aaf9b29c615383c7

COMMIT, DISCARDED, beelzebub mariocandela d062435818af94a143f679142e3c6a129e3f0d00

COMMIT, DISCARDED, fe-advanced-interview shengxinjing 673767140c1d5d8e1e1ecb15a325b6f4ccca38aa

COMMIT, DISCARDED, husky xiyuzhai-husky-lang 1598aaaf9c6a04bdec788c8aebd0741633f5a876

COMMIT, DISCARDED, zippy-klipper_config rootiest bdf3b3ce80586e09f123f69fda66fcb091c49152

COMMIT, DISCARDED, fe-advanced-interview shengxinjing 5e83dc021346447fbbe66af3d06bdf9641768a3d

COMMIT, DISCARDED, fb-chat-bot abdul97233 34ac26d2e4d12bf8863995c703fdaedcd066ef43

COMMIT, DISCARDED, fb-chat-bot abdul97233 eae16a7293dfe6f7ac60a476ab47a575ef84174e

COMMIT, DISCARDED, fb-chat-bot abdul97233 4c4d2f92767c3584f254d91314774e1481b0a47e

COMMIT, DISCARDED, fb-chat-bot abdul97233 e820a6586ce3b9c9ba9ba9417da537cc2be23e3c

COMMIT, DISCARDED, mobibot ethauvin 8c1327655661967752286238eb1389c367b8c3c0

COMMIT, DISCARDED, trinity bnjbvr 272930d9af1ba7c34d2ece4756b5d287a60dfda4

COMMIT, DISCARDED, bookmarks hyunjun af683ce5139285258d7e0b7e6274b695961a7c2f

COMMIT, DISCARDED, fb-chat-bot abdul97233 48f82442016e7f83b9e7ebbaa31864fedcf708b0

COMMIT, DISCARDED, vcon vcon-dev 3a19b28452e683e860e8a4025d6bae12a19e2522

COMMIT, DISCARDED, chatgpt-wechat-landing-page 1cloudy 69f3f4aeb387a826990eff9409c141c1558a5a18

COMMIT, DISCARDED, freedom55 davidpinhas 5c1200d24b2f36251aa6ae3708adee6c4a7ea787

COMMIT, DISCARDED, ai-admin-jqadm aimeos 9834119f659d2cf1c869b0859d2cbbc5a906f540

COMMIT, DISCARDED, cl-cpp-generator2 plops 932f2de9e91cae3f88daf32475d48bf070cc9e6e

COMMIT, DISCARDED, ant-design ant-design a624648ecdc37f5b22ef136caa48407e8b23b64f

COMMIT, DISCARDED, codegpt timkmecl d095203cfbcbd04b2c5c2e55e673875d2ad59f4f

COMMIT, DISCARDED, prodigy-openai-recipes explosion e4f31f65138547aae3b58df143ed587787bc41c5

COMMIT, DISCARDED, dim c-3lab b111fb979c66c9b1f871b80ce582107160dfe489

COMMIT, DISCARDED, android-chatgpt ngoquyen45 340011292bcd2471b7eedb379896cc2c3bc2236e

COMMIT, DISCARDED, chatgpt-voice-assistant fabioo29 ca7dfb25b27e69a5c017a67c18ac4ead2a02f500

COMMIT, DISCARDED, chatgpt-voice-assistant fabioo29 059f17ee4ccee2826e53b151d897974107f799ac

COMMIT, DISCARDED, javascript sealdice cffe71ece677b78e99e4efefa683a1f1792bacb4

COMMIT, DISCARDED, orbiton xyproto 8291a76352e47cd0be035ab8e230423b84ef2402

COMMIT, DISCARDED, bookmarks hyunjun 7978e64872e5c470a2dc80479102432829fd3e65

COMMIT, DISCARDED, chatgpt-plus-api-client mzbac fcd2cbb0641c9765db090e39c21084821ea86442

COMMIT, DISCARDED, aiac gofireflyio acbe643ce2c92f998ce4dd1e09a4ccf44d1e7286

COMMIT, DISCARDED, swirl-search swirlai 661e3a621ab07734c5b8bb54ebb112d559930832

COMMIT, DISCARDED, fe-advanced-interview shengxinjing 8a2bff0f79745c88dbbda5a5097a551a1cce2a21

COMMIT, DISCARDED, laser-level-webcam bhowiebkr e92b27f74542963f2c135132c099da07f23b7ecb

COMMIT, DISCARDED, bookmarks hyunjun a2f13a06d07260a2b277076208043885d0f1f560

COMMIT, DISCARDED, video-summary-streamer jxnl e46dffd3c0e4966bd5f54540b8fd2d1e84fe5ecb

COMMIT, DISCARDED, openai-client sourceability 0d0cefb7fe9136d9a77bc85604f175e11187bd41

COMMIT, DISCARDED, dust dust-tt 4d58b845926c66b188ecc249a8c324f44a510967

COMMIT, DISCARDED, gpt-commit markuswt 26eb6ca1ee2c0510ef37e8b926c946c7243ed36e

COMMIT, DISCARDED, assistant felixbade 0969aa473842f9fb95a5701c2dcb181d0093b836

COMMIT, DISCARDED, reddit-gpt-summarizer seandearnaley 8021e75cb3a23e91a44c42ce9722a45141001593

COMMIT, DISCARDED, gpt3-contextual uezo 39f1e30c02f063a0f8a3b2c456aa2ce086cd21cf

COMMIT, DISCARDED, popup-translation fzdwx c21afbb49434a747bd4fb4e41930521d2533d44c

COMMIT, DISCARDED, ai-review.nvim yuki-yano 50d8d505d0eb542a51804b5d757fdf6bebc6806a

COMMIT, DISCARDED, xiaogpt yihong0618 3477046cc0a050ddb8140e1cbb8b08bbbeb8d51a

COMMIT, DISCARDED, dust dust-tt 90a25cbfce0a60d2d8b2afb340f80fa458f97d88

COMMIT, DISCARDED, sanbase2 santiment cd6f4709f51a6f7b4cc51a238ffa21fedc981359

COMMIT, DISCARDED, sanbase2 santiment a221d717f0e23866084299841c1799a27b7e5ab9

COMMIT, DISCARDED, gpt3-contextual uezo 75c34cb8603cdd0bd8c65ac5fba2a5fda554e719

COMMIT, DISCARDED, discourse-chatbot merefield b503311f6d109f3a828311f60fcfe00b79f47810

COMMIT, DISCARDED, magic-text jxnl 3f910114e082853c912f4e51a0079baf01802ec0

COMMIT, DISCARDED, openai-for-java jetkai 5beabeb3f16eb9b01e2230afc79ff5cab644b27f

COMMIT, DISCARDED, chatgpt asleepyfish 1612fb261e3c06ea5e87c98bd05e44ebd58f14e8

COMMIT, DISCARDED, zamm amosjyng ba6041069c84f64273b805e48421f31091d4d462

COMMIT, DISCARDED, gptcommit mgilangjanuar 03df06bc905ac9ba50f70a3c31e5bbfcb4c630b9

COMMIT, DISCARDED, stable-diffusion-webui-chatgpt-utilities hallatore aafe26b324d73ae38caf5f3cab81462af887fbd0

COMMIT, DISCARDED, stable-diffusion-webui-chatgpt-utilities hallatore 511eb4e2f582dcd021ce4bdb1a582a1ef3204aff

COMMIT, DISCARDED, zamm amosjyng 6a90de7f0abfd9838bb24f429768278859ee5718

COMMIT, DISCARDED, zamm amosjyng 86a0be65617f40e9404f1113111322fa4d9a361d

COMMIT, DISCARDED, zamm amosjyng 14576d655ab66c92e1a422441ef6f51a7dc29fae

COMMIT, DISCARDED, ai-vtuber-alpha whiteeat d8fdad146e6c248959f219096e3f1aedebe70f92

COMMIT, DISCARDED, stable-diffusion-webui-chatgpt-utilities hallatore 2c1304fd12cae9783c2f42a220f11a5032c1ef0c

COMMIT, DISCARDED, khoj debanjum ad1f1cf6201ea7279be892535572c23e4ea81aa4

COMMIT, DISCARDED, chathub chathub-dev d7a080ecd8bb47406594c2781baeda9357d37e2d

COMMIT, DISCARDED, chatgpt-helper kiranvshah 3cd5b0b0715237b6fdb5b7034eeed333c0c1564c

COMMIT, DISCARDED, bookmarks hyunjun 12541e8fd01633e3d0e7b622aaa5b0595e89a7e1

COMMIT, DISCARDED, stable-diffusion-webui-chatgpt-utilities hallatore c79f463f9d0d7b84d4879e02f2faa17aa6946f49

COMMIT, DISCARDED, stable-diffusion-webui-chatgpt-utilities hallatore 31563d3172be1ae2c0b0ae045e0ce1688648db74

COMMIT, DISCARDED, awesome-chatgpt-api reorx 2e9caa7b6b4fc909fba955a446944acdd2d02331

COMMIT, DISCARDED, awesome-chatgpt-api reorx 86c29156774a8632a96353bea5c34f409c42b526

COMMIT, DISCARDED, awesome-chatgpt-api reorx 899d0603d7dba270a65986655447ce97ec7bcf2f

COMMIT, DISCARDED, click-prompt prompt-engineering 597b6554650ca193bd4ae8c0a7eb4f7befa17847

COMMIT, DISCARDED, chatgpt-java kezhenxu94 79b89ab80d0668d3173a2eeb491d8cd7e71c348c

COMMIT, DISCARDED, grasp textgain 2b51ff4787c665d5cc29e0294fee7094f687e26c

COMMIT, DISCARDED, awesome-chatgpt-api reorx 9227e222237f082b3d62b3bc732d684ebdb2542d

COMMIT, DISCARDED, awesome-chatgpt-api reorx 6e81ec848c53c9412f4d9cec1628f8b5f32feba8

COMMIT, DISCARDED, llm-garden ianb dcf8d49bc7e6f8c4b0c238af827d7672d6dee4ab

COMMIT, DISCARDED, bookmarks hyunjun 88556ad59aaf652494ddf94adc4b050c90d397f2

COMMIT, DISCARDED, botbear hotbear1110 f0f2dc8ac681cf62caf775d9552996b9073f00d9

COMMIT, DISCARDED, skyportal skyportal d71e33ad61a8a4437350124fb1990b5b110c3482

COMMIT, DISCARDED, chatgpt-nextjs youngle316 0209fce81cc5fc8a9e0b8d4dde23fae0d525b654

COMMIT, DISCARDED, chatgpt-nextjs youngle316 e8a34aed69be7d21d5cdb1c0bb0e1211b1fef277

COMMIT, DISCARDED, genai noteable-io 1f837313ed80466e4234262400e3e4ef0969bdcd

COMMIT, DISCARDED, km-openai samelhousseini 1cc59621aa07e120a622735f77cd94066f89e08f

COMMIT, DISCARDED, khoj debanjum 6c0e82b2d6b04f7d0944f122dc26d04063e3674e

COMMIT, DISCARDED, chevron kholmogorov27 cd0ce2746b7d8132ff8a1d27631203e184163906

COMMIT, DISCARDED, chatgpt-for-chatbot-feishu whatwewant b4a6f67b6b61b90f1ad81cd0872f0be2a76fba85

COMMIT, DISCARDED, neural dense-analysis dea5e26b848cde0d301825b9ad07f4daff408bea

COMMIT, DISCARDED, browserpilot handrew c88a4c52a9820160cdc9283efae8c2258de0c3f2

COMMIT, DISCARDED, sensei ykdojo dbaca615ef05ab8d26ac8410b2d2aefdb140de26

COMMIT, DISCARDED, vault-chat exoascension 1d42ed1ae604bef497335553db0f37a66e203a90

COMMIT, DISCARDED, llm-garden ianb 290ccf6753ce79fb5f6a7b742d44714b4f062661

COMMIT, DISCARDED, knowledge-gpt geeks-of-data 657e4350ac4443562007537ae901347da3e8ace8

COMMIT, DISCARDED, knowledge-gpt geeks-of-data 94ec252f68660aa1760c8d6be2d830fc21b90b59

COMMIT, DISCARDED, dotfiles linyinfeng 365b232bea9df2084bc65f494a86c7f73a7e8da3

COMMIT, DISCARDED, gpt-generated-commit-messages stevecondylios e69ce4a9c1ca59709826a5a3f09df54125e8e13c

COMMIT, DISCARDED, gpt-generated-commit-messages stevecondylios 0492245a34e73dd52290cde7451115f059aa5a4c

COMMIT, DISCARDED, cocalc sagemathinc 35d00ac0bf0459eb73ba7cc3d6388a6bb15f054d

COMMIT, DISCARDED, cocalc sagemathinc f6a9744a919fab513b1add7a345c7ec8ab1928a2

COMMIT, DISCARDED, amagpt3 pythops 50111c118cad8a74f6e7d684cbc12ea3e673d91f

COMMIT, DISCARDED, dream deeppavlov 8c7d82ec4dbf008758ae83a98a920b373a76677c

COMMIT, DISCARDED, chatgpt-exporter pionxzh 0a78d2e17ae96a9182e289cbb7b9ade465f740b9

COMMIT, DISCARDED, khoj debanjum e28526bbc945823f1f8a5db6eda71cfc4ede649b

COMMIT, DISCARDED, recommend.domains gregives bd801b6aa8b6b652486ce50288b5df2beda6f76b

COMMIT, DISCARDED, bot-on-anything zhayujie 085b3b96ad352b517da1944cdf711d8c6eea6513

COMMIT, DISCARDED, chatgpt-memory continuum-llms ab03c9e3ed57935b1e94a69e9101102543b2e3ab

COMMIT, DISCARDED, manga-image-translator zyddnys 4203ffe4e36f5b4f7703b75eb7b18c39a543751e

COMMIT, DISCARDED, vault-chat exoascension 87f079a7013009dbdfa7f0b44425f99cc88fece6

COMMIT, DISCARDED, obsidian-feed fjdu d8cf730fa145a18e50a709e125c3c67448e1dba2

COMMIT, DISCARDED, summarize.site clmnin 78c555c07c34b2041f277d7ab04e2ccf8c24738e

COMMIT, DISCARDED, ant-design ant-design f7fd474cf8792ea01d03461d407c0edc11828a1c

COMMIT, DISCARDED, site python-discord 147f21e962e27897517700c5b706a8cbb80f7a18

COMMIT, DISCARDED, chatgpt-on-deno seratch 640562a519238cd836e97305ce4604c62a2d24b5

COMMIT, DISCARDED, science_art_at_least_once_a_week andreygetmanov 32fa097fb122d73b2869ed2c561dbc3d52570c40

COMMIT, DISCARDED, kopilot knight42 75a978fb40b1c27caacd41a26934cfb8d8e66929

COMMIT, DISCARDED, chatcli cthulahoops 28506611d9b4763912e5a7d1842df09b1139d10b

COMMIT, DISCARDED, gpt-subtrans machinewrapped e431eb54a44d8da0fe889124cbcc111f487bc77e

COMMIT, DISCARDED, gpt-subtrans machinewrapped 1dc5501c916a8c5f6e68fb5cc8164aa589862f21

COMMIT, DISCARDED, gpt-subtrans machinewrapped 6c5d18b722655ef4cc740abb4448c2921f4144f3

COMMIT, DISCARDED, lowcode-engine alibaba 298ab0f62f4045bbf121908f9c2cfed639768418

COMMIT, DISCARDED, bookmarks hyunjun 395b879275a95546c50f73fbfb002ab87307233f

COMMIT, DISCARDED, gpt-subtrans machinewrapped 1c732f21a63422b7542d378a85a27490aaf900a1

COMMIT, DISCARDED, nextjs-chatgpt-tutorial jakeprins 092eefa38787ae3e4d77a5c0059f5b701fea65c8

COMMIT, DISCARDED, heaven-blog zry656565 c4eef54d15799462a25ee4789e9f518ec9f3eb47

COMMIT, DISCARDED, bookmarks hyunjun 119b9cefa016b5fa783774ab316f1b264eb57ccd

COMMIT, DISCARDED, retro-board antoinejaussoin ba94d9b59d21a6a380770fdf2b5baa79f653d62e

COMMIT, DISCARDED, geppetto go-go-golems b6cd255df2ea2ead0bc129ea9c6b728d3d06f30d

COMMIT, DISCARDED, logseq-chatgpt-plugin debanjandhar12 4a5c44c2d2d62dbca4da285947153ae104f2602e

COMMIT, DISCARDED, ossinsight pingcap 4f5eae86edd2e7ff794d0d1f7b47a456f81c8361

COMMIT, DISCARDED, sam-patterns-cli ljacobsson d5721f517a031d450a1750d84ffe4cdb7a1da310

COMMIT, DISCARDED, own-chat forsigner 6beab90eec2748f6a02f047f4451c705da11a118

COMMIT, DISCARDED, bookmarks hyunjun 1226e1f962fabee12b0f6ecbbc9e1cf14689e04a

COMMIT, DISCARDED, logseq-chatgpt-plugin debanjandhar12 679f383927b5160f31378203d3a028a7843da981

COMMIT, DISCARDED, logseq-chatgpt-plugin debanjandhar12 e2d1b2f24bfa3afc47f2496fdeaf6a34cbb0bd58

COMMIT, DISCARDED, logseq-chatgpt-plugin debanjandhar12 bdd60877b6196f7b710221ab2b2c73259c138b17

COMMIT, DISCARDED, rumors-line-bot cofacts d5944fae1077278e0e4dfd0502a9bc26c5694261

COMMIT, DISCARDED, bookmarks hyunjun c64aaa310499d9414bde51845bdeb410678005a4

COMMIT, DISCARDED, super-bot radio-t 593a00c4d45852841fe64a477d9d969912e262be

COMMIT, DISCARDED, jidoujisho lrorpilla 4a6c5007006c50fc92ef1713a0342281850f900b

COMMIT, DISCARDED, bookmarks hyunjun 1bfd46104fe25a3f7f8aeec615145948d620c7e1

COMMIT, DISCARDED, huskygpt luffy-xu 65b315eda273f9e93cd426ee9198e9d3b9c89d44

COMMIT, DISCARDED, huskygpt luffy-xu ec0791794a3559b722e99797718deaf6da53742d

COMMIT, DISCARDED, huskygpt luffy-xu ba1f1207cccdd5db93ca9e8dbf75b29675427c9d

COMMIT, DISCARDED, bookmarks hyunjun 70e63c1ec24a0cf998506665bdeb4c9783421c68

COMMIT, DISCARDED, bookmarks hyunjun 171adce230f328135f1a3d341fa35a191d8a9038

COMMIT, DISCARDED, triple-frontend titicacadev 8ae842bf3a6262d41aec33c27e4fa48cfe167930

COMMIT, DISCARDED, triple-frontend titicacadev 3d0119733f8f4201148a6e4046994dace89c2cdf

PULL-REQUEST, DISCARDED, iotex-core iotexproject 3829

COMMIT, DISCARDED, go-chatgpt derwiki c7aa09ccf20c19b614943225dd8883977a0fe264

COMMIT, DISCARDED, phoneblock haumacher 50a780f2bec0301986bdc174cf927e68b9114b4b

COMMIT, DISCARDED, logseq-chatgpt-plugin debanjandhar12 6f64fc1853ea30b7ae3af225e0820bdeebcbe6fc

COMMIT, DISCARDED, logseq-chatgpt-plugin debanjandhar12 b6d85d9f4af0d5b01a78e988ad3bb8732b37ef1b

COMMIT, DISCARDED, logseq-chatgpt-plugin debanjandhar12 9f9568a14e48fbeeac86f715ea1f22ad839e06a8

COMMIT, DISCARDED, phoneblock haumacher 03edfce3574077247401beceef0ae8cb95dcb73b

COMMIT, DISCARDED, cuttlefish cube2222 ddd16501a2062444954a5d7f8e510003204832bd

COMMIT, DISCARDED, logseq-chatgpt-plugin debanjandhar12 72d6e88985d78a9a8fe6aed3fa6b429b959a75da

COMMIT, DISCARDED, expo expo 6ff1ede4be0e18bc0b7ae15339a20855bc56478a

COMMIT, DISCARDED, stackedit-plus mafgwo 1f52b71f68aa8f43cf657dec4fe24a1b2da5e8e8

COMMIT, DISCARDED, core strautomator 4876a5ce722475b5ea74b1a1e14dbfe247d1bf5d

COMMIT, DISCARDED, chat-calculator-plugin mirage-studio-io 69a7b8266736d94314410b144e7738aa55bca64c

COMMIT, DISCARDED, cocalc sagemathinc 83bf96d14d2ff2a2458c8c7ba00c9e16d2768013

COMMIT, DISCARDED, cocalc sagemathinc 3651e745038f7750c3494f7568e6753091a8a0ef

COMMIT, DISCARDED, cocalc sagemathinc 86619e176f42679931af1ebb95980a621465629e

COMMIT, DISCARDED, bookmarks hyunjun e434f7f5bcd7d667daffd813d4e3bb6590fa934d

COMMIT, DISCARDED, chatgpt-enhancement-extension sailist 1103f47c412aae7b4401c741db6e1408e1dd3039

COMMIT, DISCARDED, chatgpt-enhancement-extension sailist 2939e77394278ae4a72c18e36065c07fa1117f44

COMMIT, DISCARDED, chatgpt-enhancement-extension sailist b7597fe9b792ed6e195d6ee228c327a73a432369

COMMIT, DISCARDED, swift calleric 42ddde353dbd644516a7bc9eaa157181e7b9e9d5

COMMIT, DISCARDED, go-chatgpt linweiyuan b91cd6ecf9922580e9096627c4c9a4f82ce5445a

COMMIT, DISCARDED, github-summarizer stevebauman 6a0b18fb813d4231233bcee90129d9843d2f6433

COMMIT, DISCARDED, chatgpt-api-by-browser-script zsodur 9e239b9f91b5a198e24e924e0e8fd8e905675372

COMMIT, DISCARDED, awesome-chatgpt-api reorx 04fc79dcccfcba1ea4fd9682b17ed02fde388179

COMMIT, DISCARDED, llm_repo_assistant marknagelberg 0b6371274605d07b0770541fb1d2817aac1c8ced

COMMIT, DISCARDED, edgar10q-dataset him1411 1bc146e71103cd6f7509530a1066612d80484866

COMMIT, DISCARDED, rover-cli antstackio f5b7931237672f85a0181fd52e3f9dd8ccd7ff2d

COMMIT, DISCARDED, rover-cli antstackio 2d5bf9fff45d5ba657446f815554a80c736caac5

COMMIT, DISCARDED, rover-cli antstackio 52218b2e8cc36266ec7e932c4ca9fc84fc833610

COMMIT, DISCARDED, rover-cli antstackio 66d61041d6f4c10d08cfafb9e250add706bbf4db

COMMIT, DISCARDED, rover-cli antstackio 7ededad036a645e61a99a7ffd3ff29628621677a

COMMIT, DISCARDED, rover-cli antstackio 9e46f5e55c8ad07371d880dafef03e1274812464

COMMIT, DISCARDED, rover-cli antstackio 19166f7071e8b6ccb0574b819e8b0f980e0a0b17

COMMIT, DISCARDED, bookmarks hyunjun 55982601e0ba841e8eefa76fc965c9f4225bcfb0

COMMIT, DISCARDED, cowriter kinosal 100811c93550ad1bc851337bfa4de4e6a4908b2d

COMMIT, DISCARDED, bookmarks hyunjun 2e34ce9f281eefa43bb50a02ebbf207d1657f2df

COMMIT, DISCARDED, changepack changepack 619aaff6f979e31ede8dedbf4a758d7155e9da2a

COMMIT, DISCARDED, tailchat msgbyte 060d07ae8ee36dcf088ad253a18e6cabcd80f4d7

COMMIT, DISCARDED, httpx servicex-sh d90c8e6f62dd835c64da8eb6672ab0d45c141455

COMMIT, DISCARDED, httpx servicex-sh c00b1c07fd0b0df84c9902ca732f19c4ea8c5689

COMMIT, DISCARDED, httpx servicex-sh 025b1bd7094d8f4692dc68ae7232f7e7e75af1c6

COMMIT, DISCARDED, httpx servicex-sh 35f3eece25433e4a5374cc676c8e4629703be297

COMMIT, DISCARDED, rover-cli antstackio 92ccf09d0908d9822f635256096971db9af0b9c4

COMMIT, DISCARDED, rover-cli antstackio f3c2df755ba550365085f89a62ebb8054f956c02

COMMIT, DISCARDED, rover-cli antstackio 4fef396bd3fe07869af99c5ad021dcbf5da19d18

COMMIT, DISCARDED, blog levy9527 cfe361f87cb9de102b9d46994cf97ca66e6d483b

COMMIT, DISCARDED, obsidian-companion rizerphe 22d8f548f3a76927c93b7b11f3c510a359101591

COMMIT, DISCARDED, awesome-chatgpt-api reorx a13ac3a828fdd675b12c6fce753cd6172979defa

COMMIT, DISCARDED, awesome-chatgpt-api reorx 22f59b66033064794675cf4020344085aea9752e

COMMIT, DISCARDED, bookmarks hyunjun 2fc774ebf274a281dc2c3e07705584459447ed16

COMMIT, DISCARDED, gptrust gptrust 87579005d0b0de07757ac444aa6dfa282f583ae0

COMMIT, DISCARDED, net-textorial dannywade c005b9a0503f9187300284abc810144107818330

COMMIT, DISCARDED, bookmarks hyunjun 657daedbeb51585275ad2c5ddaea1622d47b9064

COMMIT, DISCARDED, dotfiles meain 478649e58b1bbf92bc3480fd547ed14bf607c20c

COMMIT, DISCARDED, auto-chatgpt ryuseisan fa19b093f84303a86c869d2b98177b2d2244f93c

COMMIT, DISCARDED, auto-chatgpt ryuseisan c0ef4dec85d7189205442d3baacdcdb8526adcea

COMMIT, DISCARDED, serverless-toolbox allenheltondev 757f0d225c9eaed8196d0d85969296ceca51bb91

COMMIT, DISCARDED, rpgpt creikey 30c47d3256d4e625b014e146fd07f13a62d892c0

COMMIT, DISCARDED, twlm zetavg f823cd30b1dc39342b23d648183f6bd733ddddf4

COMMIT, DISCARDED, deep-translator nidhaloff 0d89ff10cd3156a62aeac0e6f68914f8e1f4e990

COMMIT, DISCARDED, damngood.tools krasun 2f5900546a46275e2668487e388fe6343073f287

COMMIT, DISCARDED, fake_spectra sbird be5b9d6e7b25dc5e978e3f926f0882889417c4a8

COMMIT, DISCARDED, chatgpt-java kezhenxu94 decb5910ccb867f9a934d707db09a75ef524a085

COMMIT, DISCARDED, weekly-practice aneasystone 4fdc890d6b6ebfa12201f0e4f9d8c23405eeb0ca

COMMIT, DISCARDED, ai ecraft2learn 457fa7a9b1c5b70a6256b353de8b4c49d4b6b0b1

COMMIT, DISCARDED, spring-cli spring-projects-experimental 51713ef87e61b69228921c48a9d0f53642ba510b

COMMIT, DISCARDED, frag.jetzt thm-projects d88bf50904ca88beda81389546a3332c8ad9178f

COMMIT, DISCARDED, bmo rogeriochaves bc4e74d159d358e02b3bc629835c3e39f0bf4531

COMMIT, DISCARDED, cocalc sagemathinc 16da3707cb9340544a1da315b0558543e90c51ca

COMMIT, DISCARDED, cocalc sagemathinc 80ad542991b51d1f964f341809ad30774dfc4dad

COMMIT, DISCARDED, formik jaredpalmer 4fcf01c0484a7bb727d78c40746d29dead494d59

COMMIT, DISCARDED, matrix_chatgpt_bot hibobmaster c72e6d6f8e178c5bb4a9e8ef5d1901cb8b4892f2

COMMIT, DISCARDED, intel-extension-for-transformers intel e573fd110babfdbb8a1e06c7f0f8b86f4454fec0

COMMIT, DISCARDED, bookmarks hyunjun f7d0fd92b8a3613dda3ab183a3e2873e150c1b97

COMMIT, DISCARDED, larachain alnutile e9c671f08cf6d38cb7b5e1cd9fb607f87521ac2a

COMMIT, DISCARDED, ultimate-utils brando90 be77bf25c932924cd733374b2e2554799be374d6

COMMIT, DISCARDED, bookmarks hyunjun 7ba587d7c190c2683b27d7129c45a854eab1cb78

COMMIT, DISCARDED, mob-programming-rpg gregorriegler 5907691e320d123994165a453b2995af159d5822

COMMIT, DISCARDED, mob-programming-rpg gregorriegler c5812f44b993ffd6e98bdc09c62af9b50ac36f9a

COMMIT, DISCARDED, llm-chain sobelio 4d8cfeafbaa7d38dbcbd61751c177faa7764852d

COMMIT, DISCARDED, pn pnpm 460a15f587affe3551b48091b729d9ee2b47c2e3

COMMIT, DISCARDED, solita.github.com solita f623f48cf3abb2d37b525e961b55bc69b7f98ee8

COMMIT, DISCARDED, bookmarks hyunjun 8a18bd1f3ca9dc8a4cbbaa865e3f64ed75671527

ISSUE, DISCARDED, chatgpt-mac vincelwt 1

ISSUE, DISCARDED, hackernews-daily meixger 75

ISSUE, DISCARDED, chatgpt-wrapper mmabrouk 5

ISSUE, DISCARDED, daily-hackernews xueyuanl 818

ISSUE, DISCARDED, hackernews-daily headllines 873

ISSUE, DISCARDED, chatgpt-google-extension wong2 13

ISSUE, DISCARDED, hackernews-daily meixger 78

ISSUE, DISCARDED, chatgpt-vscode-plugin barnesoir 1

ISSUE, DISCARDED, news-daily onysakura 2413

ISSUE, DISCARDED, chatgpt-google-extension wong2 29

ISSUE, DISCARDED, chatgpt-mac vincelwt 20

ISSUE, DISCARDED, aoc-gpt max-sixty 8

ISSUE, DISCARDED, news-daily onysakura 2417

ISSUE, DISCARDED, hackernews-daily headllines 875

ISSUE, DISCARDED, chatgpt-advanced qunash 9

ISSUE, DISCARDED, hot-posts jiacai2050 124

ISSUE, DISCARDED, chatgpt-bot koishijs 8

ISSUE, DISCARDED, askai yudax42 1

ISSUE, DISCARDED, hackernews-daily meixger 80

ISSUE, DISCARDED, chatgpt-telegram m1guelpf 33

ISSUE, DISCARDED, pytorch_geometric pyg-team 6177

ISSUE, DISCARDED, news-daily onysakura 2421

ISSUE, DISCARDED, chatgpt-telegram m1guelpf 36

ISSUE, DISCARDED, chatgpt-bot koishijs 19

ISSUE, DISCARDED, chatgpt-api transitive-bullshit 57

ISSUE, DISCARDED, openai-quickstart-node openai 22

ISSUE, DISCARDED, vscode-chatgpt gencay 10

ISSUE, DISCARDED, jee-pee-tee paulotruta 6

ISSUE, DISCARDED, news-daily onysakura 2425

ISSUE, DISCARDED, chatgpt-google-extension wong2 78

ISSUE, DISCARDED, chatgpt-google-extension wong2 87

ISSUE, DISCARDED, news-daily onysakura 2429

ISSUE, DISCARDED, wechat-chatgpt fuergaosi233 206

ISSUE, DISCARDED, news-daily onysakura 2433

ISSUE, DISCARDED, chatgpt-vscode mpociot 13

ISSUE, DISCARDED, chatgpt-wrapper mmabrouk 26

ISSUE, DISCARDED, news-daily onysakura 2437

ISSUE, DISCARDED, ggml ggerganov 10

ISSUE, DISCARDED, gpt-ai-assistant memochou1993 7

ISSUE, DISCARDED, chatgpt-api transitive-bullshit 109

ISSUE, DISCARDED, news-daily onysakura 2441

ISSUE, DISCARDED, chatgpt-google-extension wong2 108

ISSUE, DISCARDED, news-daily onysakura 2445

ISSUE, DISCARDED, cpp_weekly lefticus 215

ISSUE, DISCARDED, chatgpt-wrapper mmabrouk 33

ISSUE, DISCARDED, news-daily onysakura 2449

ISSUE, DISCARDED, chat-gpt-assistant msfrisbie 8

ISSUE, DISCARDED, news-daily onysakura 2453

ISSUE, DISCARDED, unofficial-chatgpt-api taranjeet 21

ISSUE, DISCARDED, chat-gpt-userscript zhengbangbo 16

ISSUE, DISCARDED, vscode-chatgpt gencay 19

ISSUE, DISCARDED, chatgpt-python labteral 23

ISSUE, DISCARDED, hackernews-daily meixger 91

ISSUE, DISCARDED, chatgpt-android skydoves 40

ISSUE, DISCARDED, hackernews-daily meixger 95

ISSUE, DISCARDED, news-daily onysakura 2481

ISSUE, DISCARDED, chatgpt-vscode-plugin barnesoir 29

ISSUE, DISCARDED, gpt-do yasyf 2

ISSUE, DISCARDED, chatgpt-google-extension wong2 144

ISSUE, DISCARDED, news-daily onysakura 2493

ISSUE, DISCARDED, chatgpt-mac vincelwt 70

ISSUE, DISCARDED, chatgpt-google-extension wong2 147

ISSUE, DISCARDED, vscode-chatgpt gencay 25

ISSUE, DISCARDED, news-daily onysakura 2501

ISSUE, DISCARDED, chatgpt-google-extension wong2 156

ISSUE, DISCARDED, chatgpt-helper kiranvshah 26

ISSUE, DISCARDED, openai-python openai 164

ISSUE, DISCARDED, chatgpt-api transitive-bullshit 217

ISSUE, DISCARDED, news-daily onysakura 2513

ISSUE, DISCARDED, vscode-chatgpt gencay 38

ISSUE, DISCARDED, chatgpt-mac vincelwt 74

ISSUE, DISCARDED, hackernews-daily meixger 108

ISSUE, DISCARDED, daily-hackernews xueyuanl 849

ISSUE, DISCARDED, chatgpt-vscode mpociot 31

ISSUE, DISCARDED, hackernews-daily headllines 904

ISSUE, DISCARDED, hot-posts jiacai2050 153

ISSUE, DISCARDED, chatgpt-advanced qunash 31

ISSUE, DISCARDED, obsidian-open-gate nguyenvanduocit 4

ISSUE, DISCARDED, chat-gpt-assistant msfrisbie 15

ISSUE, DISCARDED, hackernews-weekly headllines 150

ISSUE, DISCARDED, daily-hackernews xueyuanl 855

ISSUE, DISCARDED, sharegpt domeccleston 32

ISSUE, DISCARDED, omni alyssaxuu 105

ISSUE, DISCARDED, news-daily onysakura 2581

ISSUE, DISCARDED, pycasso jezs00 27

ISSUE, DISCARDED, hot-posts jiacai2050 167

ISSUE, DISCARDED, gpt-discord-bot openai 17

ISSUE, DISCARDED, conference-data tech-conferences 5149

ISSUE, DISCARDED, news-daily onysakura 2601

ISSUE, DISCARDED, chatgpt-convdown esteinmann 15

ISSUE, DISCARDED, news-daily onysakura 2605

ISSUE, DISCARDED, obsidian-latex-suite artisticat1 113

ISSUE, DISCARDED, whatsapp-gpt danielgross 45

ISSUE, DISCARDED, chatgpt-google-extension wong2 200

ISSUE, DISCARDED, flutter_chatgpt_api coskuncay 11

ISSUE, DISCARDED, news-daily onysakura 2613

ISSUE, DISCARDED, daily-hackernews xueyuanl 870

ISSUE, DISCARDED, hackernews-daily headllines 925

ISSUE, DISCARDED, hot-posts jiacai2050 174

ISSUE, DISCARDED, slidev slidevjs 850

ISSUE, DISCARDED, systemd systemd 26212

ISSUE, DISCARDED, chatgpt-chrome-extension gragland 22

ISSUE, DISCARDED, chatgpt-wrapper mmabrouk 75

ISSUE, DISCARDED, hot-posts jiacai2050 176

ISSUE, DISCARDED, chatgpt-github-actions cirolini 3

ISSUE, DISCARDED, hot-posts jiacai2050 177

ISSUE, DISCARDED, hackernews-daily meixger 133

ISSUE, DISCARDED, backend dotabod 139

ISSUE, DISCARDED, news-daily onysakura 2636

ISSUE, DISCARDED, chatgpt-advanced qunash 48

ISSUE, DISCARDED, cron-ai rodgetech 4

ISSUE, DISCARDED, vscode-chatgpt gencay 82

ISSUE, DISCARDED, ethora dappros 370

ISSUE, DISCARDED, whatsapp-gpt danielgross 53

ISSUE, DISCARDED, news-daily onysakura 2644

ISSUE, DISCARDED, chatgpt-chrome-extension gragland 25

ISSUE, DISCARDED, openai-python openai 208

ISSUE, DISCARDED, vscode-chatgpt gencay 88

ISSUE, DISCARDED, openai-node openai 57

ISSUE, DISCARDED, gpt-summarizer scottleibrand 9

ISSUE, DISCARDED, hackernews-daily meixger 140

ISSUE, DISCARDED, spring-cloud-stream-binder-rabbit spring-cloud 362

ISSUE, DISCARDED, news-daily onysakura 2660

ISSUE, DISCARDED, searxng searxng 2163

ISSUE, DISCARDED, news-daily onysakura 2664

ISSUE, DISCARDED, chamilo-lms chamilo 4594

ISSUE, DISCARDED, vscode-chatgpt gencay 101

ISSUE, DISCARDED, news-daily onysakura 2668

ISSUE, DISCARDED, matrix-chatgpt-bot matrixgpt 92

ISSUE, DISCARDED, chatgpt-exporter pionxzh 43

ISSUE, DISCARDED, matrix-chatgpt-bot matrixgpt 95

ISSUE, DISCARDED, matrix-chatgpt-bot matrixgpt 98

ISSUE, DISCARDED, chatgpt-chrome-extension gragland 28

ISSUE, DISCARDED, news-daily onysakura 2672

ISSUE, DISCARDED, openaigo otiai10 2

ISSUE, DISCARDED, gitagpt snypiie 5

ISSUE, DISCARDED, news-daily onysakura 2676

ISSUE, DISCARDED, chatgpt-google-extension wong2 243

ISSUE, DISCARDED, news-daily onysakura 2680

ISSUE, DISCARDED, chatgpt-vscode timkmecl 11

ISSUE, DISCARDED, vscode-chatgpt gencay 122

ISSUE, DISCARDED, chatgpt-chrome-extension gragland 32

ISSUE, DISCARDED, news-daily onysakura 2684

ISSUE, DISCARDED, hackernews-daily headllines 942

ISSUE, DISCARDED, codereview.gpt sturdy-dev 9

ISSUE, DISCARDED, hackernews-daily meixger 147

ISSUE, DISCARDED, chatgpt mattn 2

ISSUE, DISCARDED, news-daily onysakura 2688

ISSUE, DISCARDED, hot-posts jiacai2050 192

ISSUE, DISCARDED, chatgpt-advanced qunash 60

ISSUE, DISCARDED, lica sam4k 1

ISSUE, DISCARDED, chatgpt-vscode timkmecl 12

ISSUE, DISCARDED, node-chatgpt-api waylaidwanderer 68

ISSUE, DISCARDED, chatgpt-google-extension wong2 255

ISSUE, DISCARDED, news-daily onysakura 2692

ISSUE, DISCARDED, openai betalgo 101

ISSUE, DISCARDED, vscode-chatgpt gencay 137

ISSUE, DISCARDED, commitizen commitizen-tools 670

ISSUE, DISCARDED, 469 s2ward 16

ISSUE, DISCARDED, news-daily onysakura 2696

ISSUE, DISCARDED, hot-posts jiacai2050 194

ISSUE, DISCARDED, vscode-chatgpt gencay 139

ISSUE, DISCARDED, chatgpt-mobile nezort11 1

ISSUE, DISCARDED, chatgpt-advanced qunash 64

ISSUE, DISCARDED, vscode microsoft 174573

ISSUE, DISCARDED, chatgpt-api transitive-bullshit 357

ISSUE, DISCARDED, codegpt timkmecl 6

ISSUE, DISCARDED, chatgpt-wrapper mmabrouk 105

ISSUE, DISCARDED, hot-posts jiacai2050 199

ISSUE, DISCARDED, linkml linkml 1298

ISSUE, DISCARDED, kio.dev kiosion 678

ISSUE, DISCARDED, whatsapp-chatgpt askrella 81

ISSUE, DISCARDED, chatgpt-advanced qunash 75

ISSUE, DISCARDED, segno heuer 119

ISSUE, DISCARDED, hackernews-daily meixger 156

ISSUE, DISCARDED, daily-hackernews xueyuanl 897

ISSUE, DISCARDED, developer-hub-content chainstacklabs 71

ISSUE, DISCARDED, chatgpt-wrapper mmabrouk 127

ISSUE, DISCARDED, hackernews-daily headllines 952

ISSUE, DISCARDED, hot-posts jiacai2050 201

ISSUE, DISCARDED, chatgpt-api transitive-bullshit 382

ISSUE, DISCARDED, cmc-csci143 mikeizbicki 292

ISSUE, DISCARDED, node-chatgpt-api waylaidwanderer 110

ISSUE, DISCARDED, chatgpt-wrapper mmabrouk 140

ISSUE, DISCARDED, code-gpt-docs davila7 47

ISSUE, DISCARDED, news-daily onysakura 2736

ISSUE, DISCARDED, chatgpt-mirai-qq-bot lss233 196

ISSUE, DISCARDED, chatgpt-wrapper mmabrouk 148

ISSUE, DISCARDED, llama facebookresearch 24

ISSUE, DISCARDED, chatgpt-exporter pionxzh 58

ISSUE, DISCARDED, review-gpt vibovenkat123 11

ISSUE, DISCARDED, news-daily onysakura 2748

ISSUE, DISCARDED, specify7 specify 3061

ISSUE, DISCARDED, chatgpt-advanced qunash 88

ISSUE, DISCARDED, vscode-chatgpt gencay 164

ISSUE, DISCARDED, openai-node openai 66

ISSUE, DISCARDED, assistant felixbade 21

ISSUE, DISCARDED, logseq-plugin-gpt3-openai briansunter 83

ISSUE, DISCARDED, neural dense-analysis 29

ISSUE, DISCARDED, chatgpt-api transitive-bullshit 420

ISSUE, DISCARDED, chatgpt-google-extension wong2 295

ISSUE, DISCARDED, news-daily onysakura 2760

ISSUE, DISCARDED, chatgpt-api transitive-bullshit 423

ISSUE, DISCARDED, whatsapp-chatgpt askrella 121

ISSUE, DISCARDED, docs dailydotdev 175

ISSUE, DISCARDED, obsidian-ava louis030195 58

ISSUE, DISCARDED, youtube-dl ytdl-org 31758

ISSUE, DISCARDED, gpt-ai-assistant memochou1993 186

ISSUE, DISCARDED, news-daily onysakura 2768

ISSUE, DISCARDED, vscode-chatgpt gencay 186

ISSUE, DISCARDED, chatgpt-helper kiranvshah 32

ISSUE, DISCARDED, chatgpt-api transitive-bullshit 437

ISSUE, DISCARDED, assistant felixbade 43

ISSUE, DISCARDED, chatgpt j178 10

ISSUE, DISCARDED, chatgpt-clone beyondcode 1

ISSUE, DISCARDED, llama facebookresearch 130

ISSUE, DISCARDED, chatgpt-nextjs youngle316 24

ISSUE, DISCARDED, chatgpt_telegram_bot karfly 87

ISSUE, DISCARDED, node-chatgpt-api waylaidwanderer 160

ISSUE, DISCARDED, jfugue dmkoelle 12

ISSUE, DISCARDED, vscode-chatgpt gencay 194

ISSUE, DISCARDED, news-daily onysakura 2776

ISSUE, DISCARDED, haystack deepset-ai 4344

ISSUE, DISCARDED, slack-chatgpt shapehq 5

ISSUE, DISCARDED, chatgpt-telegram-bot n3d1117 44

ISSUE, DISCARDED, logseq-plugin-gpt3-openai briansunter 90

ISSUE, DISCARDED, chatgpt-google-extension wong2 308

ISSUE, DISCARDED, chatgpt-exporter pionxzh 68

ISSUE, DISCARDED, news-daily onysakura 2780

ISSUE, DISCARDED, chatgpt_telegram_bot karfly 97

ISSUE, DISCARDED, bpf-developer-tutorial eunomia-bpf 10

ISSUE, DISCARDED, pandora pengzhile 51

ISSUE, DISCARDED, ferdium-app ferdium 1043

ISSUE, DISCARDED, chatgpt-action unsafecoerce 33

ISSUE, DISCARDED, chatrepo eunomia-bpf 6

ISSUE, DISCARDED, nonebot2 nonebot 1784

ISSUE, DISCARDED, yolo-ai-cmdbot wunderwuzzi23 10

ISSUE, DISCARDED, news-daily onysakura 2788

ISSUE, DISCARDED, chatgpt-google-extension wong2 316

ISSUE, DISCARDED, spending-visualizer heypoom 19

ISSUE, DISCARDED, tauri-discord-bot tauri-apps 109

ISSUE, DISCARDED, news-daily onysakura 2792

ISSUE, DISCARDED, click-prompt prompt-engineering 100

ISSUE, DISCARDED, click-prompt prompt-engineering 101

ISSUE, DISCARDED, openai-cookbook openai 210

ISSUE, DISCARDED, vscode microsoft 176856

ISSUE, DISCARDED, chatgpt-md bramses 7

ISSUE, DISCARDED, news-daily onysakura 2796

ISSUE, DISCARDED, chevron kholmogorov27 7

ISSUE, DISCARDED, next.js vercel 47043

ISSUE, DISCARDED, adrenaline shobrook 27

ISSUE, DISCARDED, news-daily onysakura 2800

ISSUE, DISCARDED, vscode-chatgpt gencay 215

ISSUE, DISCARDED, chatgpt-md bramses 14

ISSUE, DISCARDED, news-daily onysakura 2804

ISSUE, DISCARDED, openai-python openai 305

ISSUE, DISCARDED, mmdetection open-mmlab 9942

ISSUE, DISCARDED, firebase-extensions yamankatby 55

ISSUE, DISCARDED, vscode-chatgpt gencay 219

ISSUE, DISCARDED, news-daily onysakura 2808

ISSUE, DISCARDED, chatgpt-advanced qunash 108

ISSUE, DISCARDED, ue4genny cursey 15

ISSUE, DISCARDED, zotero-pdf-translate windingwind 395

ISSUE, DISCARDED, rear rear 2957

ISSUE, DISCARDED, news-daily onysakura 2812

ISSUE, DISCARDED, cargo-i18n kellpossible 105

ISSUE, DISCARDED, whatsapp-chatgpt askrella 149

ISSUE, DISCARDED, click-prompt prompt-engineering 117

ISSUE, DISCARDED, openai-cookbook openai 232

ISSUE, DISCARDED, chatgpt-mirai-qq-bot lss233 383

ISSUE, DISCARDED, cocalc sagemathinc 6554

ISSUE, DISCARDED, news-daily onysakura 2815

ISSUE, DISCARDED, chatgpt-wrapper mmabrouk 231

ISSUE, DISCARDED, pyloudnorm csteinmetz1 53

ISSUE, DISCARDED, multimedia-gpt fengyuli-dev 2

ISSUE, DISCARDED, cs348-information-security prosyslab-classroom 231

ISSUE, DISCARDED, code-gpt-docs davila7 71

ISSUE, DISCARDED, chatgpt-google-extension wong2 339

ISSUE, DISCARDED, bilingual_book_maker yihong0618 187

ISSUE, DISCARDED, vscode-chatgpt gencay 239

ISSUE, DISCARDED, linux-command-gpt asrul10 5

ISSUE, DISCARDED, news-daily onysakura 2823

ISSUE, DISCARDED, chatgpt-wrapper mmabrouk 239

ISSUE, DISCARDED, news-daily onysakura 2827

ISSUE, DISCARDED, chatgpt knrd1 1

ISSUE, DISCARDED, cf-workers-chatgpt-telegram-bot jarylc 3

ISSUE, DISCARDED, chatgpt-cli juanrgon 1

ISSUE, DISCARDED, openai anasfik 21

ISSUE, DISCARDED, news-daily onysakura 2831

ISSUE, DISCARDED, compage intelops 94

ISSUE, DISCARDED, zerolog rs 530

ISSUE, DISCARDED, chat-ai-desktop sonnylazuardi 40

ISSUE, DISCARDED, botpress botpress 12549

ISSUE, DISCARDED, alpaca.cpp antimatter15 110

ISSUE, DISCARDED, news-daily onysakura 2835

ISSUE, DISCARDED, egg eggjs 5161

ISSUE, DISCARDED, openai-slack-bot jack482653 7

ISSUE, DISCARDED, chatgpt-md bramses 27

ISSUE, DISCARDED, chathub chathub-dev 147

ISSUE, DISCARDED, chatgpt-google-extension wong2 354

ISSUE, DISCARDED, news-daily onysakura 2839

ISSUE, DISCARDED, news-daily onysakura 2843

ISSUE, DISCARDED, openai-cookbook openai 275

ISSUE, DISCARDED, node-chatgpt-api waylaidwanderer 234

ISSUE, DISCARDED, chatgpt-retrieval-plugin openai 28

ISSUE, DISCARDED, stable-diffusion-webui-chatgpt-utilities hallatore 6

ISSUE, DISCARDED, pocket pokt-network 619

ISSUE, DISCARDED, chatgpt-on-wechat zhayujie 598

ISSUE, DISCARDED, go-openai sashabaranov 198

ISSUE, DISCARDED, vim_codex tom-doerr 22

ISSUE, DISCARDED, news-daily onysakura 2851

ISSUE, DISCARDED, obsidian-smart-connections brianpetro 99

ISSUE, DISCARDED, chatgpt-on-wechat zhayujie 616

ISSUE, DISCARDED, logseq-chatgpt-plugin debanjandhar12 4

ISSUE, DISCARDED, raze rodrigorc 2

ISSUE, DISCARDED, cocalc sagemathinc 6588

ISSUE, DISCARDED, news-daily onysakura 2860

ISSUE, DISCARDED, chatgpt-on-wechat zhayujie 646

ISSUE, DISCARDED, onlinewardleymaps damonsk 159

ISSUE, DISCARDED, serverless-patterns aws-samples 1180

ISSUE, DISCARDED, chatgpt-wrapper mmabrouk 265

ISSUE, DISCARDED, gpt2markdown 0xreeko 18

ISSUE, DISCARDED, chatgpt-html servingbaby 21

ISSUE, DISCARDED, chatgpt-wrapper mmabrouk 266

ISSUE, DISCARDED, chatgpt-on-wechat zhayujie 705

ISSUE, DISCARDED, chatgpt-on-wechat zhayujie 706

ISSUE, DISCARDED, chatgpt-google-extension wong2 362

ISSUE, DISCARDED, chatgpt j178 45

ISSUE, DISCARDED, big-agi enricoros 36

ISSUE, DISCARDED, chatgpt-on-wechat zhayujie 715

ISSUE, DISCARDED, pokitoki nalgeon 10

ISSUE, DISCARDED, core strautomator 22

ISSUE, DISCARDED, hackernews-daily meixger 195

ISSUE, DISCARDED, daily-hackernews xueyuanl 936

ISSUE, DISCARDED, chatgpt-vscode mpociot 49

ISSUE, DISCARDED, projectmate rohitdasu 365

ISSUE, DISCARDED, snakeware joshiemoore 184

ISSUE, DISCARDED, fanyi afc163 86

ISSUE, DISCARDED, flux paradigmxyz 48

ISSUE, DISCARDED, chatgpt-web-share moeakwak 59

ISSUE, DISCARDED, chat-your-data hwchase17 8

ISSUE, DISCARDED, headscale juanfont 1313

ISSUE, DISCARDED, unchained unchainedshop 557

ISSUE, DISCARDED, integration_openai nextcloud 5

ISSUE, DISCARDED, logseq-chatgpt-plugin debanjandhar12 13

ISSUE, DISCARDED, chatgpt-retrieval-plugin openai 139

ISSUE, DISCARDED, voice2json synesthesiam 86

ISSUE, DISCARDED, best-of-streamlit jrieke 91

ISSUE, DISCARDED, fastify-swagger-ui fastify 55

ISSUE, DISCARDED, flutter_client_sse pratikbaid3 9

ISSUE, DISCARDED, hackernews-daily meixger 200

ISSUE, DISCARDED, chatgpt-well-known-plugin-finder transitive-bullshit 1

ISSUE, DISCARDED, sharegpt domeccleston 87

ISSUE, DISCARDED, sharegpt domeccleston 92

ISSUE, DISCARDED, last-stop circulatedev 11

ISSUE, DISCARDED, hot-posts jiacai2050 245

ISSUE, DISCARDED, openai anasfik 34

ISSUE, DISCARDED, gptlite blrchen 11

ISSUE, DISCARDED, chamilo-lms chamilo 4671

ISSUE, DISCARDED, cocalc sagemathinc 6619

ISSUE, DISCARDED, openai-python openai 385

ISSUE, DISCARDED, cocalc sagemathinc 6620

ISSUE, DISCARDED, news-daily onysakura 2906

ISSUE, DISCARDED, chatgpt-mac vincelwt 109

ISSUE, DISCARDED, chatgpt-md bramses 61

ISSUE, DISCARDED, obsidian-weaver vasilecampeanu 13

ISSUE, DISCARDED, roc roc-lang 5265

ISSUE, DISCARDED, logseq-plugin-gpt3-openai briansunter 107

ISSUE, DISCARDED, whatsapp-chatgpt askrella 184

ISSUE, DISCARDED, dosbox-staging dosbox-staging 2394

ISSUE, DISCARDED, program-y keiffster 315

ISSUE, DISCARDED, chatgpt-on-wechat zhayujie 796

ISSUE, DISCARDED, droidbot honeynet 147

ISSUE, DISCARDED, stm32-data embassy-rs 184

ISSUE, DISCARDED, hackernews-daily meixger 205

ISSUE, DISCARDED, daily-hackernews xueyuanl 946

ISSUE, DISCARDED, stanford_alpaca tatsu-lab 203

ISSUE, DISCARDED, whatsapp-gpt danielgross 69

ISSUE, DISCARDED, hot-posts jiacai2050 250

ISSUE, DISCARDED, chatgpt-exporter pionxzh 116

ISSUE, DISCARDED, nativefier nativefier 1529

ISSUE, DISCARDED, chatgpt-tool-hub goldfishh 16

ISSUE, DISCARDED, chatgpt-on-wechat zhayujie 835

ISSUE, DISCARDED, chatgpt-helper kiranvshah 40

ISSUE, DISCARDED, babyagi-asi oliveirabruno01 5

ISSUE, DISCARDED, chatgpt-retrieval-plugin openai 184

ISSUE, DISCARDED, chatgpt-convdown esteinmann 37

ISSUE, DISCARDED, fsnotes glushchenko 1515

ISSUE, DISCARDED, paper-qa whitead 70

ISSUE, DISCARDED, chatgpt-vscode mpociot 54

ISSUE, DISCARDED, ai-brainstore mckaywrigley 7

ISSUE, DISCARDED, logseq-chatgpt-plugin debanjandhar12 19

ISSUE, DISCARDED, 469 s2ward 18

ISSUE, DISCARDED, loopgpt farizrahman4u 3

ISSUE, DISCARDED, vault-ai pashpashpash 26

ISSUE, DISCARDED, dirtyjson codecobblers 7

ISSUE, DISCARDED, extensions raycast 6071

ISSUE, DISCARDED, pocket pokt-network 697

ISSUE, DISCARDED, nofwl lencx 55

ISSUE, DISCARDED, tiktoken dqbd 31

ISSUE, DISCARDED, chatgpt-on-wechat zhayujie 927

ISSUE, DISCARDED, lfortran lfortran 1594

ISSUE, DISCARDED, chatgpt-on-wechat zhayujie 929

ISSUE, DISCARDED, plain-app ismartcoding 19

ISSUE, DISCARDED, wyldcard defano 125

ISSUE, DISCARDED, extensions raycast 6108

ISSUE, DISCARDED, babyagi yoheinakajima 245

ISSUE, DISCARDED, chatgpt-on-wechat zhayujie 940

ISSUE, DISCARDED, sd-webui-deforum deforum-art 609

ISSUE, DISCARDED, chatgpt-on-wechat zhayujie 947

ISSUE, DISCARDED, chatgpt-on-wechat zhayujie 953

ISSUE, DISCARDED, eslint eslint 17118

ISSUE, DISCARDED, tiktoken openai 115

ISSUE, DISCARDED, ohmyzsh ohmyzsh 11643

ISSUE, DISCARDED, chatgpt-on-wechat zhayujie 963

ISSUE, DISCARDED, chatgpt-on-wechat zhayujie 965

ISSUE, DISCARDED, chatgpt-on-wechat zhayujie 975

ISSUE, DISCARDED, featbit featbit 338

ISSUE, DISCARDED, strictdoc strictdoc-project 1141

ISSUE, DISCARDED, minification-benchmarks privatenumber 343

ISSUE, DISCARDED, appsmith appsmithorg 22849

ISSUE, DISCARDED, chatgpt-telegram-bot n3d1117 289

ISSUE, DISCARDED, starship starship 5158

ISSUE, DISCARDED, chatgpt-mirai-qq-bot lss233 742

ISSUE, DISCARDED, chatgpt-api transitive-bullshit 560

ISSUE, DISCARDED, news-daily onysakura 3001

ISSUE, DISCARDED, hackernews-daily meixger 227

ISSUE, DISCARDED, babylonian-programming-smalltalk hpi-swa-lab 143

ISSUE, DISCARDED, azure-openai-ha joselcaguilar 28

ISSUE, DISCARDED, obsidian-companion rizerphe 10

ISSUE, DISCARDED, pyiron_base pyiron 1085

ISSUE, DISCARDED, openai betalgo 246

ISSUE, DISCARDED, chatwoot chatwoot 7034

ISSUE, DISCARDED, matrix-chatgpt-bot matrixgpt 159

ISSUE, DISCARDED, textlint textlint 1158

ISSUE, DISCARDED, auto-chatgpt ryuseisan 12

ISSUE, DISCARDED, hot-posts jiacai2050 275

ISSUE, DISCARDED, chatgpt-advanced qunash 173

ISSUE, DISCARDED, hackernews-daily meixger 231

ISSUE, DISCARDED, hot-posts jiacai2050 276

ISSUE, DISCARDED, logseq-chatgpt-plugin debanjandhar12 22

ISSUE, DISCARDED, chatgpt-on-wechat zhayujie 1058

ISSUE, DISCARDED, jest jestjs 14131

ISSUE, DISCARDED, chatgpt-on-wechat zhayujie 1063

ISSUE, DISCARDED, chatgpt-on-wechat zhayujie 1082

ISSUE, DISCARDED, auto-chatgpt ryuseisan 19

ISSUE, DISCARDED, cocalc sagemathinc 6702

ISSUE, DISCARDED, chatgpt-web-share moeakwak 152

ISSUE, DISCARDED, docs.getdbt.com dbt-labs 3367

ISSUE, DISCARDED, chatgpt-retrieval-plugin openai 246

ISSUE, DISCARDED, jidoujisho lrorpilla 207

ISSUE, DISCARDED, chatgpt-on-wechat zhayujie 1098

ISSUE, DISCARDED, qlever ad-freiburg 978

ISSUE, DISCARDED, chatgpt-on-wechat zhayujie 1111

ISSUE, DISCARDED, hot-posts jiacai2050 286

ISSUE, DISCARDED, openai-cookbook openai 428

ISSUE, DISCARDED, openai-python openai 453

ISSUE, DISCARDED, chatgpt-on-wechat zhayujie 1118

ISSUE, DISCARDED, mediapipe google 4428

ISSUE, DISCARDED, awesome-chatgpt-api reorx 62

ISSUE, DISCARDED, hackernews-daily meixger 243

ISSUE, DISCARDED, gpt-code-ui ricklamers 1

ISSUE, DISCARDED, chatgpt-on-wechat zhayujie 1120

ISSUE, DISCARDED, obsidian-weaver vasilecampeanu 35

ISSUE, DISCARDED, formkiq-core formkiq 125

ISSUE, DISCARDED, hot-posts jiacai2050 288

ISSUE, DISCARDED, chatgpt-on-wechat zhayujie 1125

ISSUE, DISCARDED, markor gsantner 2046

ISSUE, DISCARDED, hackernews-daily meixger 245

ISSUE, DISCARDED, news-daily onysakura 3077

ISSUE, DISCARDED, hot-posts jiacai2050 290

ISSUE, DISCARDED, chatgpt-on-wechat zhayujie 1134

ISSUE, DISCARDED, chatgpt_telegram_bot karfly 288

ISSUE, DISCARDED, news-daily onysakura 3081

ISSUE, DISCARDED, pdf.js mozilla 16458

ISSUE, DISCARDED, chatgpt-on-wechat zhayujie 1140

ISSUE, DISCARDED, news-daily onysakura 3085

ISSUE, DISCARDED, chatgpt-retrieval-plugin openai 281

ISSUE, DISCARDED, news-daily onysakura 3089

ISSUE, DISCARDED, chart-gpt whoiskatrin 68

ISSUE, DISCARDED, chatgpt-on-wechat zhayujie 1147

ISSUE, DISCARDED, kitt livekit-examples 8

ISSUE, DISCARDED, openai-cookbook openai 463

ISSUE, DISCARDED, extensions raycast 6825

ISSUE, DISCARDED, obsidian-smart-connections brianpetro 225

ISSUE, DISCARDED, tgpt aandrew-me 37

ISSUE, DISCARDED, whatsapp-bot-md lyfe00011 223

ISSUE, DISCARDED, chatgpt-on-wechat zhayujie 1178

ISSUE, DISCARDED, chatgpt_as_nlg_evaluator krystalan 2

ISSUE, DISCARDED, plugins-quickstart openai 48

ISSUE, DISCARDED, unocss unocss 2707

ISSUE, DISCARDED, chatgpt-on-wechat zhayujie 1199

ISSUE, DISCARDED, openmpf openmpf 1691

ISSUE, DISCARDED, matrix_chatgpt_bot hibobmaster 20

ISSUE, DISCARDED, flathunter flathunters 401

ISSUE, DISCARDED, chatgpt-advanced interstellard 195

ISSUE, DISCARDED, glific glific 2817

ISSUE, DISCARDED, php-ai-tool-bridge manuelkiessling 3

ISSUE, DISCARDED, automatic-chatgpt-dan madkarmaa 5

ISSUE, DISCARDED, chatgpt-yaml-generator robusta-dev 1

ISSUE, DISCARDED, hackernews-daily meixger 265

ISSUE, DISCARDED, leetcode-explained zubyj 27

ISSUE, DISCARDED, arxiv-vanity arxiv-vanity 766

ISSUE, DISCARDED, subconscious subconsciousnetwork 703

PULL-REQUEST, DISCARDED, whatsapp-gpt danielgross 2

PULL-REQUEST, DISCARDED, whatsapp-gpt danielgross 3

PULL-REQUEST, DISCARDED, unofficial-chatgpt-api taranjeet 8

PULL-REQUEST, DISCARDED, chatgpt-api transitive-bullshit 13

PULL-REQUEST, DISCARDED, chatgpt-api transitive-bullshit 15

PULL-REQUEST, DISCARDED, chatgpt-google-extension wong2 48

PULL-REQUEST, DISCARDED, chatgpt-api transitive-bullshit 53

PULL-REQUEST, DISCARDED, chatgpt-telegram m1guelpf 43

PULL-REQUEST, DISCARDED, chatgpt-helper kiranvshah 18

PULL-REQUEST, DISCARDED, extensions raycast 3849

PULL-REQUEST, DISCARDED, chatgpt-api transitive-bullshit 97

PULL-REQUEST, DISCARDED, wechat-chatgpt fuergaosi233 348

PULL-REQUEST, DISCARDED, chatgpt-action kxxt 29

PULL-REQUEST, DISCARDED, chatgpt-google-extension wong2 113

PULL-REQUEST, DISCARDED, chatgpt-action kxxt 30

PULL-REQUEST, DISCARDED, content demisto 23299

PULL-REQUEST, DISCARDED, nextjs-discord-bot vercel 12

PULL-REQUEST, DISCARDED, prodigy-openai-recipes explosion 54

PULL-REQUEST, DISCARDED, ant-design ant-design 40374

PULL-REQUEST, DISCARDED, prodigy-openai-recipes explosion 55

PULL-REQUEST, DISCARDED, chatgpt-github-actions cirolini 1

PULL-REQUEST, DISCARDED, chatgpt-github-actions cirolini 7

PULL-REQUEST, DISCARDED, chatgpt-action kxxt 60

PULL-REQUEST, DISCARDED, js-code nadvolod 57

PULL-REQUEST, DISCARDED, chatgpt-action kxxt 61

PULL-REQUEST, DISCARDED, chatgpt-telegram-bot realies 6

PULL-REQUEST, DISCARDED, prodigy-openai-recipes explosion 58

PULL-REQUEST, DISCARDED, prodigy-openai-recipes explosion 59

PULL-REQUEST, DISCARDED, chatgpt-action kxxt 62

PULL-REQUEST, DISCARDED, features devcontainers-contrib 317

PULL-REQUEST, DISCARDED, chatgpt-action kxxt 64

PULL-REQUEST, DISCARDED, javascript sealdice 10

PULL-REQUEST, DISCARDED, pantry teaxyz 395

PULL-REQUEST, DISCARDED, pyright microsoft 4648

PULL-REQUEST, DISCARDED, unified nwnxee 1584

PULL-REQUEST, DISCARDED, chatgpt-action kxxt 72

PULL-REQUEST, DISCARDED, chatgpt-telegram-bot realies 9

PULL-REQUEST, DISCARDED, chatgpt-prompts pacholoamit 13

PULL-REQUEST, DISCARDED, chatgpt-api transitive-bullshit 373

PULL-REQUEST, DISCARDED, chatgpt-action kxxt 73

PULL-REQUEST, DISCARDED, cuttlefish fleece-the-flock 9

PULL-REQUEST, DISCARDED, sp-dev-fx-aces pnp 125

PULL-REQUEST, DISCARDED, chatgpt-wrapper mmabrouk 144

PULL-REQUEST, DISCARDED, chatgpt-telegram-bot realies 10

PULL-REQUEST, DISCARDED, cuttlefish fleece-the-flock 10

PULL-REQUEST, DISCARDED, cuttlefish fleece-the-flock 11

PULL-REQUEST, DISCARDED, cuttlefish fleece-the-flock 12

PULL-REQUEST, DISCARDED, chatgpt-action kxxt 76

PULL-REQUEST, DISCARDED, sentry getsentry 45298

PULL-REQUEST, DISCARDED, sanbase2 santiment 3707

PULL-REQUEST, DISCARDED, chatgpt-action unsafecoerce 27

PULL-REQUEST, DISCARDED, cuttlefish fleece-the-flock 13

PULL-REQUEST, DISCARDED, chatgpt-action kxxt 77

PULL-REQUEST, DISCARDED, lazyshell not-poma 1

PULL-REQUEST, DISCARDED, buster jerpint 65

PULL-REQUEST, DISCARDED, datahub berkeley-dsep-infra 4320

PULL-REQUEST, DISCARDED, cuttlefish fleece-the-flock 15

PULL-REQUEST, DISCARDED, mindflow mindflowai 62

PULL-REQUEST, DISCARDED, awesome-chatgpt-api reorx 12

PULL-REQUEST, DISCARDED, chatgpt-action kxxt 78

PULL-REQUEST, DISCARDED, cuttlefish fleece-the-flock 16

PULL-REQUEST, DISCARDED, awesome-chatgpt-api reorx 20

PULL-REQUEST, DISCARDED, chat-langchain hwchase17 23

PULL-REQUEST, DISCARDED, aperture fluxninja 1539

PULL-REQUEST, DISCARDED, timestamper madebygps 2

PULL-REQUEST, DISCARDED, cuttlefish fleece-the-flock 17

PULL-REQUEST, DISCARDED, chatgpt-api transitive-bullshit 447

PULL-REQUEST, DISCARDED, awesome-chatgpt-api reorx 27

PULL-REQUEST, DISCARDED, classifai 10up 405

PULL-REQUEST, DISCARDED, click-prompt prompt-engineering 89

PULL-REQUEST, DISCARDED, extensions raycast 5253

PULL-REQUEST, DISCARDED, chatgpt-api transitive-bullshit 460

PULL-REQUEST, DISCARDED, gutenberg-mobile wordpress-mobile 5545

PULL-REQUEST, DISCARDED, gutenberg-mobile wordpress-mobile 5547

PULL-REQUEST, DISCARDED, skyportal skyportal 4029

PULL-REQUEST, DISCARDED, chatgpt-nextjs youngle316 30

PULL-REQUEST, DISCARDED, openai-cookbook openai 206

PULL-REQUEST, DISCARDED, chatgpt-prompts pacholoamit 25

PULL-REQUEST, DISCARDED, khoj debanjum 183

PULL-REQUEST, DISCARDED, cuttlefish fleece-the-flock 18

PULL-REQUEST, DISCARDED, cuttlefish fleece-the-flock 19

PULL-REQUEST, DISCARDED, chatgpt-convdown esteinmann 27

PULL-REQUEST, DISCARDED, chatgpt-action unsafecoerce 39

PULL-REQUEST, DISCARDED, extensions raycast 5306

PULL-REQUEST, DISCARDED, chatgpt-equations alejandro-ao 1

PULL-REQUEST, DISCARDED, ai-component-generator yuvalsuede 22

PULL-REQUEST, DISCARDED, chatgpt-prompts pacholoamit 27

PULL-REQUEST, DISCARDED, vault-chat exoascension 6

PULL-REQUEST, DISCARDED, super-bot radio-t 94

PULL-REQUEST, DISCARDED, cuttlefish fleece-the-flock 20

PULL-REQUEST, DISCARDED, pandora hashicorp 2251

PULL-REQUEST, DISCARDED, click-prompt prompt-engineering 122

PULL-REQUEST, DISCARDED, chatgpt-prompts pacholoamit 29

PULL-REQUEST, DISCARDED, chatgpt_telegram_bot karfly 140

PULL-REQUEST, DISCARDED, dream deeppavlov 349

PULL-REQUEST, DISCARDED, cuttlefish fleece-the-flock 21

PULL-REQUEST, DISCARDED, vault-chat exoascension 23

PULL-REQUEST, DISCARDED, genai noteable-io 66

PULL-REQUEST, DISCARDED, genai noteable-io 67

PULL-REQUEST, DISCARDED, glific glific 2709

PULL-REQUEST, DISCARDED, chatgpt-api transitive-bullshit 485

PULL-REQUEST, DISCARDED, chatgpt-prompts pacholoamit 30

PULL-REQUEST, DISCARDED, wechat-chatgpt fuergaosi233 781

PULL-REQUEST, DISCARDED, alexa-chatgpt jackmcguire1 1

PULL-REQUEST, DISCARDED, chathub chathub-dev 172

PULL-REQUEST, DISCARDED, chathub chathub-dev 173

PULL-REQUEST, DISCARDED, whatsapp-chatgpt askrella 168

PULL-REQUEST, DISCARDED, stack-chan meganetaaan 151

PULL-REQUEST, DISCARDED, iotex-core iotexproject 3830

PULL-REQUEST, DISCARDED, iotex-core iotexproject 3832

PULL-REQUEST, DISCARDED, iotex-core iotexproject 3836

PULL-REQUEST, DISCARDED, aichat sigoden 102

PULL-REQUEST, DISCARDED, codereview.gpt sturdy-dev 14

PULL-REQUEST, DISCARDED, jbang jbangdev 1603

PULL-REQUEST, DISCARDED, cuttlefish fleece-the-flock 24

PULL-REQUEST, DISCARDED, retro-board antoinejaussoin 512

PULL-REQUEST, DISCARDED, geppetto go-go-golems 49

PULL-REQUEST, DISCARDED, bilingual_book_maker yihong0618 213

PULL-REQUEST, DISCARDED, lazyshell not-poma 8

PULL-REQUEST, DISCARDED, kubernetes-chatgpt-bot robusta-dev 12

PULL-REQUEST, DISCARDED, logto logto-io 3639

PULL-REQUEST, DISCARDED, logto logto-io 3641

PULL-REQUEST, DISCARDED, force artsy 12178

PULL-REQUEST, DISCARDED, dolt dolthub 5677

PULL-REQUEST, DISCARDED, chatgpt-demo anse-app 340

PULL-REQUEST, DISCARDED, openai-cookbook openai 315

PULL-REQUEST, DISCARDED, apps contentful 3057

PULL-REQUEST, DISCARDED, codereview.gpt sturdy-dev 20

PULL-REQUEST, DISCARDED, huskygpt luffy-xu 21

PULL-REQUEST, DISCARDED, cuttlefish fleece-the-flock 25

PULL-REQUEST, DISCARDED, chatgpt-vscode timkmecl 24

PULL-REQUEST, DISCARDED, chatgpt-vscode timkmecl 25

PULL-REQUEST, DISCARDED, transcripts thechangelog 1130

PULL-REQUEST, DISCARDED, harness-core harness 46351

PULL-REQUEST, DISCARDED, highstorm chronark 10

PULL-REQUEST, DISCARDED, scala-works scala-works 17

PULL-REQUEST, DISCARDED, woocommerce woocommerce 37716

PULL-REQUEST, DISCARDED, plugins-quickstart openai 8

PULL-REQUEST, DISCARDED, extensions raycast 5962

PULL-REQUEST, DISCARDED, awesome-chatgpt-api reorx 55

PULL-REQUEST, DISCARDED, duolingo_remember yihong0618 5

PULL-REQUEST, DISCARDED, vanus-connect vanus-labs 349

PULL-REQUEST, DISCARDED, chart-gpt whoiskatrin 33

PULL-REQUEST, DISCARDED, cuttlefish fleece-the-flock 30

PULL-REQUEST, DISCARDED, extensions raycast 6322

PULL-REQUEST, DISCARDED, spytrap-adb spytrap-org 28

PULL-REQUEST, DISCARDED, awesome-chatgpt-api reorx 59

PULL-REQUEST, DISCARDED, website exercism 5370

PULL-REQUEST, DISCARDED, streameth efdevcon 24

PULL-REQUEST, DISCARDED, chatgpt-on-deno seratch 1

PULL-REQUEST, DISCARDED, kibana elastic 157117

PULL-REQUEST, DISCARDED, doctorgpt ingyamilmolinar 20

PULL-REQUEST, DISCARDED, odoo odoo 121021

PULL-REQUEST, DISCARDED, growthbook growthbook 1283

PULL-REQUEST, DISCARDED, auto-chatgpt ryuseisan 24

PULL-REQUEST, DISCARDED, angular angular 50317

PULL-REQUEST, DISCARDED, balldontlie ynnadkrap 120

PULL-REQUEST, DISCARDED, databricks-sql-python databricks 129

PULL-REQUEST, DISCARDED, owid-grapher owid 2236

PULL-REQUEST, DISCARDED, zotero-pdf-translate windingwind 469

PULL-REQUEST, DISCARDED, matrixone matrixorigin 9685

PULL-REQUEST, DISCARDED, utopia concrete-utopia 3744

PULL-REQUEST, DISCARDED, eva georgia-tech-db 801

PULL-REQUEST, DISCARDED, cuttlefish fleece-the-flock 33

PULL-REQUEST, DISCARDED, llm-chain sobelio 153

PULL-REQUEST, DISCARDED, solita.github.com solita 497

PULL-REQUEST, DISCARDED, haystack deepset-ai 5116
